Fold,Accuracy,Kappa,N_Samples
1,0.890625,0.78125,64
2,0.90625,0.8125,64
3,0.875,0.75,64
4,0.921875,0.84375,64
5,0.9375,0.875,64
