Fold,Accuracy,Kappa,N_Samples
1,0.8125,0.625,64
2,0.890625,0.78125,64
3,0.796875,0.59375,64
4,0.828125,0.65625,64
5,0.796875,0.59375,64
