Fold,Accuracy,Kappa,N_Samples
1,0.9375,0.875,64
2,0.96875,0.9375,64
3,0.921875,0.84375,64
4,0.921875,0.84375,64
5,0.921875,0.84375,64
