Fold,Accuracy,Kappa,N_Samples
1,0.78125,0.5625,64
2,0.75,0.5,64
3,0.75,0.5,64
4,0.75,0.5,64
5,0.703125,0.40625,64
