Fold,Accuracy,Kappa,N_Samples
1,0.84375,0.6875,64
2,0.796875,0.59375,64
3,0.859375,0.71875,64
4,0.859375,0.71875,64
5,0.84375,0.6875,64
