Subject,Accuracy,Kappa,N_Samples
P01,0.632512315270936,0.2625870406426955,1000
