Subject,Accuracy,Kappa,N_Samples
P02,0.6389162561576355,0.2783607601313907,1000
