Subject,Accuracy,Kappa,N_Samples
P03,0.48645320197044334,-0.03083645325072275,1000
