Subject,Accuracy,Kappa,N_Samples
P04,0.6310344827586207,0.26191988455918047,985
