Subject,Accuracy,Kappa,N_Samples
P05,0.5704433497536947,0.14102487558562074,1000
