Subject,Accuracy,Kappa,N_Samples
P06,0.6401477832512315,0.285143582824554,1000
