Subject,Accuracy,Kappa,N_Samples
P07,0.6463054187192119,0.29422794193502716,1000
