Subject,Accuracy,Kappa,N_Samples
P08,0.5830049261083744,0.16518771441885086,1000
