Fold,Accuracy,Kappa,N_Samples
1,0.4827586206896552,-0.043165467625899234,29
2,0.6551724137931034,0.3127962085308057,29
3,0.5862068965517241,0.17535545023696686,29
4,0.6551724137931034,0.30952380952380953,29
5,0.5357142857142857,0.0714285714285714,28
