Subject,Accuracy,Kappa,N_Samples
P09,0.5768472906403941,0.1500463716518242,1000
