Fold,Train_Accuracy,Train_Kappa
1,0.5341981132075472,0.06839622641509435
2,0.5294811320754716,0.05896226415094341
3,0.5294811320754716,0.05896226415094341
4,0.5554245283018868,0.11084905660377353
5,0.5247641509433962,0.04952830188679247
