Fold,Accuracy,Kappa,N_Samples
1,0.5576923076923077,0.11538461538461542,832
2,0.5612980769230769,0.12259615384615385,832
3,0.5649038461538461,0.1298076923076923,832
4,0.5588942307692307,0.11778846153846156,832
5,0.5588942307692307,0.11778846153846156,832
