Fold,Accuracy,Kappa,N_Samples
1,0.5208333333333334,0.04166666666666663,864
2,0.5335648148148148,0.06712962962962965,864
3,0.5,0.0,864
4,0.5254629629629629,0.05092592592592593,864
5,0.5428240740740741,0.08564814814814814,864
