Subject,Accuracy,Kappa,N_Samples
P01,0.4804347826086957,-0.03913043478260869,1000
P02,0.5041666666666667,0.008333333333333349,1000
P03,0.4903846153846153,-0.01923076923076923,1000
P04,0.5641509433962264,0.1283018867924528,1000
P05,0.5486486486486487,0.09729729729729727,1000
P06,0.5182692307692307,0.03653846153846154,1000
P07,0.5326923076923077,0.06538461538461537,1000
P08,0.5175925925925926,0.03518518518518519,1000
P09,0.5375,0.07499999999999998,1000
