subject_id,fold,true_label,left_prob,right_prob
2,4,2,0.2755325500815129,0.7244674499184871
2,4,1,0.5892399154708339,0.4107600845291661
