subject_id,fold,true_label,left_prob,right_prob
3,4,2,0.09335145250054189,0.9066485474994581
3,4,1,0.30856891235398254,0.6914310876460175
