subject_id,fold,true_label,left_prob,right_prob
4,4,2,0.12313400924944573,0.8768659907505543
4,4,1,0.9838286363563841,0.016171363643615932
