subject_id,fold,true_label,left_prob,right_prob
6,4,2,0.08821551993306753,0.9117844800669325
6,4,1,0.9998773514277298,0.000122648572270202
