subject_id,fold,true_label,left_prob,right_prob
7,4,2,0.5356877826656706,0.46431221733432937
7,4,1,0.9684740193066412,0.031525980693358775
