subject_id,fold,true_label,left_prob,right_prob
8,4,2,0.14952809961127767,0.8504719003887223
8,4,1,0.9911873029547209,0.00881269704527908
