subject_id,fold,true_label,left_prob,right_prob
9,4,2,0.23675558086884008,0.7632444191311599
9,4,1,0.891569589037303,0.10843041096269704
