Subject,Accuracy,Kappa,N_Samples
P01,0.4804347826086957,-0.03913043478260869,1000
