Subject,Accuracy,Kappa,N_Samples
P02,0.5322916666666667,0.06458333333333333,1000
