Subject,Accuracy,Kappa,N_Samples
P02,0.5041666666666667,0.008333333333333349,1000
