Subject,Accuracy,Kappa,N_Samples
P03,0.4903846153846153,-0.01923076923076923,1000
