Fold,Accuracy,Kappa,N_Samples
1,0.4326923076923077,-0.13461538461538458,208
2,0.5384615384615384,0.07692307692307687,208
3,0.49038461538461536,-0.019230769230769162,208
4,0.5096153846153846,0.019230769230769273,208
5,0.4807692307692308,-0.03846153846153855,208
