Subject,Accuracy,Kappa,N_Samples
P03,0.5394230769230769,0.07884615384615386,1000
