Subject,Accuracy,Kappa,N_Samples
P04,0.5981132075471698,0.1962264150943396,1000
