Subject,Accuracy,Kappa,N_Samples
P04,0.5641509433962264,0.1283018867924528,1000
