Subject,Accuracy,Kappa,N_Samples
P05,0.6103773584905661,0.22075471698113205,1000
