Subject,Accuracy,Kappa,N_Samples
P05,0.5486486486486487,0.09729729729729727,1000
