Subject,Accuracy,Kappa,N_Samples
P06,0.5519230769230768,0.10384615384615385,1000
