Subject,Accuracy,Kappa,N_Samples
P06,0.5182692307692307,0.03653846153846154,1000
