Subject,Accuracy,Kappa,N_Samples
P07,0.5326923076923077,0.06538461538461537,1000
