Subject,Accuracy,Kappa,N_Samples
P07,0.5961538461538461,0.19230769230769232,1000
