Subject,Accuracy,Kappa,N_Samples
P08,0.5175925925925926,0.03518518518518519,1000
