Subject,Accuracy,Kappa,N_Samples
P08,0.5925925925925926,0.18518518518518517,1000
