Subject,Accuracy,Kappa,N_Samples
P09,0.5298076923076923,0.059615384615384626,1000
