subject_id,fold,true_label,left_prob,right_prob
2,0,2,0.354071320586156,0.645928679413844
2,0,1,0.8390954178764376,0.16090458212356243
2,1,2,0.05843049767006925,0.9415695023299308
2,1,1,0.9991505310324752,0.0008494689675247485
2,2,2,0.05952122450204855,0.9404787754979514
2,2,1,0.6127588101350152,0.38724118986498474
2,3,1,0.8865645038973899,0.11343549610261006
2,3,2,0.15119533189788403,0.848804668102116
