subject_id,fold,true_label,left_prob,right_prob
3,0,2,0.15261192745133645,0.8473880725486636
3,0,1,0.6333235973617897,0.3666764026382104
3,1,2,0.9568667771357144,0.04313322286428553
3,1,1,0.7846057850589432,0.2153942149410568
3,2,2,0.050890844789078016,0.949109155210922
3,2,1,0.3963468048419232,0.6036531951580768
3,3,1,0.5852128199456803,0.41478718005431964
3,3,2,0.1845234800115919,0.8154765199884081
