subject_id,fold,true_label,left_prob,right_prob
4,0,2,0.15177106272560736,0.8482289372743926
4,0,1,0.5951185080730408,0.4048814919269592
4,1,2,0.19575567045430053,0.8042443295456995
4,1,1,0.5027324327658067,0.49726756723419324
4,2,2,0.007787004404716913,0.9922129955952831
4,2,1,0.9063267182013559,0.09367328179864408
4,3,1,0.8827118394458899,0.11728816055411002
4,3,2,0.19699768421767172,0.8030023157823283
