subject_id,fold,true_label,left_prob,right_prob
6,0,2,0.0023393058359103547,0.9976606941640896
6,0,1,0.27548219391994744,0.7245178060800526
6,1,2,0.99344027248441,0.00655972751559
6,1,1,0.9603463787642001,0.03965362123579987
6,2,2,0.14500845958209108,0.8549915404179089
6,2,1,0.9313833583639445,0.06861664163605556
6,3,1,0.9064225721456278,0.09357742785437216
6,3,2,0.006917230088645532,0.9930827699113545
