subject_id,fold,true_label,left_prob,right_prob
7,0,2,0.3552419495412673,0.6447580504587327
7,0,1,0.9829929743039173,0.01700702569608275
7,1,2,0.0569423934226535,0.9430576065773465
7,1,1,0.9702684250799796,0.029731574920020414
7,2,2,0.10942975699208346,0.8905702430079165
7,2,1,0.9944371764940797,0.005562823505920308
7,3,1,0.9624038152272806,0.03759618477271942
7,3,2,0.013445626643362685,0.9865543733566373
