subject_id,fold,true_label,left_prob,right_prob
8,0,2,0.0003370689682254957,0.9996629310317745
8,0,1,0.9931890240112999,0.006810975988700109
8,1,2,0.019773232713658495,0.9802267672863415
8,1,1,0.9790857741813206,0.02091422581867937
8,2,2,0.05417352614497606,0.9458264738550239
8,2,1,0.9382538249207047,0.06174617507929527
8,3,1,0.840351133919321,0.1596488660806789
8,3,2,0.5886681467303165,0.41133185326968347
