subject_id,fold,true_label,left_prob,right_prob
9,0,2,0.08750305518945833,0.9124969448105417
9,0,1,0.9804329805268343,0.019567019473165734
9,1,2,0.19247052313701118,0.8075294768629888
9,1,1,0.8847585454500204,0.1152414545499796
9,2,2,0.05227251092806273,0.9477274890719373
9,2,1,0.8553987679049366,0.1446012320950634
9,3,1,0.03847639112765522,0.9615236088723448
9,3,2,0.03972350363409749,0.9602764963659025
