subject_id,fold,true_label,left_prob,right_prob
2,4,2,0.33080348674756044,0.6691965132524396
2,4,1,0.6388534211560952,0.3611465788439048
