subject_id,fold,true_label,left_prob,right_prob
3,4,2,0.2375425413472686,0.7624574586527314
3,4,1,0.3159214227228895,0.6840785772771105
