subject_id,fold,true_label,left_prob,right_prob
4,4,2,0.23922809299980152,0.7607719070001985
4,4,1,0.6536776099762917,0.34632239002370835
