subject_id,fold,true_label,left_prob,right_prob
6,4,2,0.1590693461180921,0.8409306538819079
6,4,1,0.773498583714593,0.226501416285407
