subject_id,fold,true_label,left_prob,right_prob
7,4,2,0.7355490184154878,0.2644509815845122
7,4,1,0.5241051254003841,0.4758948745996158
