subject_id,fold,true_label,left_prob,right_prob
8,4,2,0.6017400670125506,0.3982599329874495
8,4,1,0.8522719166740187,0.14772808332598136
