subject_id,fold,true_label,left_prob,right_prob
9,4,2,0.4514826873596809,0.5485173126403191
9,4,1,0.5886730719922515,0.41132692800774856
