subject_id,fold,true_label,left_prob,right_prob
2,0,2,0.5313617703492527,0.4686382296507473
2,0,1,0.5967045867274727,0.4032954132725273
2,1,2,0.4896933586959137,0.5103066413040863
2,1,1,0.4890880249435855,0.5109119750564145
2,2,2,0.21601271525072674,0.7839872847492733
2,2,1,0.3081926330914029,0.6918073669085971
2,3,1,0.6077654195042362,0.39223458049576376
2,3,2,0.5490299196273873,0.4509700803726126
