subject_id,fold,true_label,left_prob,right_prob
3,0,2,0.10050636500709353,0.8994936349929065
3,0,1,0.03605082784602609,0.9639491721539739
3,1,2,0.42027047214840674,0.5797295278515933
3,1,1,0.5586216200012059,0.44137837999879415
3,2,2,0.4835178122892225,0.5164821877107775
3,2,1,0.5658377420150289,0.43416225798497105
3,3,1,0.521222946592929,0.478777053407071
3,3,2,0.44812500669642175,0.5518749933035783
