subject_id,fold,true_label,left_prob,right_prob
4,0,2,0.37419477127305434,0.6258052287269457
4,0,1,0.4070167292992607,0.5929832707007393
4,1,2,0.43289870919543527,0.5671012908045647
4,1,1,0.6194645054582968,0.38053549454170327
4,2,2,9.325873406851315e-15,0.9999999999999907
4,2,1,0.999879052558588,0.00012094744141196124
4,3,1,0.5672807460241911,0.4327192539758089
4,3,2,0.44378334459307167,0.5562166554069283
