subject_id,fold,true_label,left_prob,right_prob
6,0,2,0.4635267635849689,0.5364732364150311
6,0,1,0.5443724240903253,0.45562757590967473
6,1,2,0.04662351736898718,0.9533764826310128
6,1,1,0.4880082432432442,0.5119917567567558
6,2,2,0.449539405818416,0.550460594181584
6,2,1,0.49086960719188233,0.5091303928081177
6,3,1,0.5710917673458971,0.42890823265410294
6,3,2,0.4327174334771149,0.5672825665228851
