subject_id,fold,true_label,left_prob,right_prob
7,0,2,0.6854462043034525,0.3145537956965475
7,0,1,0.8400178453753573,0.15998215462464274
7,1,2,0.2596597831552263,0.7403402168447737
7,1,1,0.8459489596364749,0.1540510403635251
7,2,2,0.2763229562090923,0.7236770437909077
7,2,1,0.7181128721708315,0.28188712782916847
7,3,1,0.6341937592098079,0.36580624079019214
7,3,2,0.1084461388605027,0.8915538611394973
