subject_id,fold,true_label,left_prob,right_prob
8,0,2,0.004360388752322919,0.9956396112476771
8,0,1,0.9936596174276799,0.006340382572320057
8,1,2,0.09840428851237437,0.9015957114876256
8,1,1,0.9841949063939076,0.01580509360609243
8,2,2,0.00047477121664629696,0.9995252287833537
8,2,1,0.9293339955887185,0.07066600441128143
8,3,1,0.9569338235596461,0.04306617644035389
8,3,2,0.04850766585290556,0.9514923341470944
