subject_id,fold,true_label,left_prob,right_prob
9,0,2,0.34502894294129316,0.6549710570587068
9,0,1,0.6175954772422736,0.38240452275772646
9,1,2,0.682213796133704,0.317786203866296
9,1,1,0.7245326745916132,0.27546732540838675
9,2,2,0.3363044155831082,0.6636955844168918
9,2,1,0.6926690428986437,0.3073309571013562
9,3,1,0.5621650010171817,0.43783499898281836
9,3,2,0.3397253722761695,0.6602746277238305
