Fold,Train_Accuracy,Train_Kappa
1,0.4434782608695652,0.2582140697440032
2,0.4434782608695652,0.25793360723918035
3,0.45217391304347826,0.2693442250964375
4,0.45021645021645024,0.26677663642498306
5,0.47619047619047616,0.30150439824070374
