Fold,Train_Accuracy,Train_Kappa
1,0.48695652173913045,0.3158903004638032
2,0.4826086956521739,0.310197086546701
3,0.47391304347826085,0.2982500378233901
4,0.4458874458874459,0.2610401619473671
5,0.4805194805194805,0.30741555066959825
