{
  "dataset": "wcci2020",
  "timestamp": "20250716_000055",
  "results": {
    "Fractal_Puro": {
      "mean_accuracy": 0.5472222222222222,
      "std_accuracy": 0.049922779876698395,
      "min_accuracy": 0.4625,
      "max_accuracy": 0.6375,
      "mean_kappa": 0.09444444444444444,
      "std_kappa": 0.09984555975339683,
      "n_subjects": 9
    },
    "LogPower_Puro": {
      "mean_accuracy": 0.765277777777778,
      "std_accuracy": 0.05766816525562969,
      "min_accuracy": 0.675,
      "max_accuracy": 0.8375,
      "mean_kappa": 0.5305555555555554,
      "std_kappa": 0.11533633051125944,
      "n_subjects": 9
    },
    "CSP_+_Fractal": {
      "mean_accuracy": 0.8111111111111111,
      "std_accuracy": 0.040157867485558225,
      "min_accuracy": 0.7375,
      "max_accuracy": 0.875,
      "mean_kappa": 0.6222222222222222,
      "std_kappa": 0.08031573497111645,
      "n_subjects": 9
    },
    "CSP_+_LogPower": {
      "mean_accuracy": 0.7194444444444444,
      "std_accuracy": 0.11228546073004299,
      "min_accuracy": 0.5625,
      "max_accuracy": 0.875,
      "mean_kappa": 0.4388888888888889,
      "std_kappa": 0.22457092146008595,
      "n_subjects": 9
    },
    "FBCSP_+_Pure": {
      "mean_accuracy": 0.7513888888888888,
      "std_accuracy": 0.10548243081137515,
      "min_accuracy": 0.6,
      "max_accuracy": 0.9375,
      "mean_kappa": 0.5027777777777778,
      "std_kappa": 0.21096486162275027,
      "n_subjects": 9
    },
    "FBCSP_+_LogPower": {
      "mean_accuracy": 0.8013888888888889,
      "std_accuracy": 0.08709119670328268,
      "min_accuracy": 0.625,
      "max_accuracy": 0.9625,
      "mean_kappa": 0.6027777777777779,
      "std_kappa": 0.17418239340656538,
      "n_subjects": 9
    },
    "FBCSP_+_Fractal": {
      "mean_accuracy": 0.8416666666666667,
      "std_accuracy": 0.05335936864527374,
      "min_accuracy": 0.775,
      "max_accuracy": 0.9375,
      "mean_kappa": 0.6833333333333333,
      "std_kappa": 0.10671873729054747,
      "n_subjects": 9
    }
  }
}