Fold,Train_Accuracy,Train_Kappa
1,0.703125,0.40625
2,0.640625,0.28125
3,0.734375,0.46875
4,0.65625,0.3125
5,0.75,0.5
