Fold,Train_Accuracy,Train_Kappa
1,0.890625,0.78125
2,0.953125,0.90625
3,0.953125,0.90625
4,0.921875,0.84375
5,0.953125,0.90625
