Fold,Train_Accuracy,Train_Kappa
1,0.765625,0.53125
2,0.703125,0.40625
3,0.546875,0.09375
4,0.609375,0.21875
5,0.671875,0.34375
