Fold,Accuracy,Kappa,N_Samples
1,0.765625,0.53125,64
2,0.703125,0.40625,64
3,0.546875,0.09375,64
4,0.609375,0.21875,64
5,0.671875,0.34375,64
