Fold,Train_Accuracy,Train_Kappa
1,0.640625,0.28125
2,0.75,0.5
3,0.640625,0.28125
4,0.71875,0.4375
5,0.6875,0.375
