Fold,Accuracy,Kappa,N_Samples
1,0.640625,0.28125,64
2,0.75,0.5,64
3,0.640625,0.28125,64
4,0.71875,0.4375,64
5,0.6875,0.375,64
