Fold,Train_Accuracy,Train_Kappa
1,0.90625,0.8125
2,0.9375,0.875
3,0.953125,0.90625
4,0.9375,0.875
5,0.90625,0.8125
