Fold,Accuracy,Kappa,N_Samples
1,0.78125,0.5625,64
2,0.734375,0.46875,64
3,0.734375,0.46875,64
4,0.6875,0.375,64
5,0.734375,0.46875,64
