Fold,Train_Accuracy,Train_Kappa
1,1.0,1.0
2,0.9375,0.875
3,0.953125,0.90625
4,0.96875,0.9375
5,0.953125,0.90625
