Fold,Train_Accuracy,Train_Kappa
1,0.78125,0.5625
2,0.734375,0.46875
3,0.734375,0.46875
4,0.6875,0.375
5,0.734375,0.46875
