Fold,Train_Accuracy,Train_Kappa
1,0.640625,0.28125
2,0.671875,0.34375
3,0.71875,0.4375
4,0.625,0.25
5,0.703125,0.40625
