Fold,Train_Accuracy,Train_Kappa
1,0.921875,0.84375
2,0.90625,0.8125
3,0.875,0.75
4,0.90625,0.8125
5,0.859375,0.71875
