Fold,Accuracy,Kappa,N_Samples
1,0.640625,0.28125,64
2,0.671875,0.34375,64
3,0.71875,0.4375,64
4,0.625,0.25,64
5,0.703125,0.40625,64
