Fold,Accuracy,Kappa,N_Samples
1,0.671875,0.34375,64
2,0.65625,0.3125,64
3,0.640625,0.28125,64
4,0.59375,0.1875,64
5,0.640625,0.28125,64
