Fold,Train_Accuracy,Train_Kappa
1,1.0,1.0
2,0.984375,0.96875
3,1.0,1.0
4,1.0,1.0
5,1.0,1.0
