Fold,Train_Accuracy,Train_Kappa
1,0.671875,0.34375
2,0.65625,0.3125
3,0.640625,0.28125
4,0.59375,0.1875
5,0.640625,0.28125
