Fold,Accuracy,Kappa,N_Samples
1,0.734375,0.46875,64
2,0.703125,0.40625,64
3,0.6875,0.375,64
4,0.65625,0.3125,64
5,0.671875,0.34375,64
