Fold,Train_Accuracy,Train_Kappa
1,0.84375,0.6875
2,0.96875,0.9375
3,0.875,0.75
4,0.921875,0.84375
5,0.875,0.75
