Fold,Train_Accuracy,Train_Kappa
1,0.734375,0.46875
2,0.703125,0.40625
3,0.6875,0.375
4,0.65625,0.3125
5,0.671875,0.34375
