Fold,Train_Accuracy,Train_Kappa
1,0.90625,0.8125
2,0.921875,0.84375
3,0.890625,0.78125
4,0.9375,0.875
5,0.9375,0.875
