Fold,Accuracy,Kappa,N_Samples
1,0.765625,0.53125,64
2,0.765625,0.53125,64
3,0.765625,0.53125,64
4,0.734375,0.46875,64
5,0.84375,0.6875,64
