Fold,Train_Accuracy,Train_Kappa
1,0.96875,0.9375
2,0.921875,0.84375
3,0.9375,0.875
4,0.953125,0.90625
5,0.875,0.75
