Fold,Accuracy,Kappa,N_Samples
1,0.796875,0.59375,64
2,0.734375,0.46875,64
3,0.71875,0.4375,64
4,0.734375,0.46875,64
5,0.78125,0.5625,64
