Fold,Train_Accuracy,Train_Kappa
1,0.796875,0.59375
2,0.734375,0.46875
3,0.71875,0.4375
4,0.734375,0.46875
5,0.78125,0.5625
