Fold,Accuracy,Kappa,N_Samples
1,0.5081521739130435,0.016304347826086918,736
2,0.5353260869565217,0.07065217391304346,736
3,0.5366847826086957,0.07336956521739135,736
4,0.49184782608695654,-0.016304347826086918,736
5,0.532608695652174,0.06521739130434778,736
