Fold,Train_Accuracy,Train_Kappa
1,0.527122641509434,0.054245283018867885
2,0.5082547169811321,0.01650943396226412
3,0.4882075471698113,-0.02358490566037741
4,0.5188679245283019,0.037735849056603765
5,0.5188679245283019,0.037735849056603765
