Fold,Train_Accuracy,Train_Kappa
1,0.515625,0.03125
2,0.5216346153846154,0.043269230769230727
3,0.5216346153846154,0.043269230769230727
4,0.5096153846153846,0.019230769230769273
5,0.5072115384615384,0.014423076923076872
