Fold,Accuracy,Kappa,N_Samples
1,0.515625,0.03125,832
2,0.5216346153846154,0.043269230769230727,832
3,0.5216346153846154,0.043269230769230727,832
4,0.5096153846153846,0.019230769230769273,832
5,0.5072115384615384,0.014423076923076872,832
