subject_id,fold,true_label,left_prob,right_prob
2,0,2,0.20698729278261763,0.7930127072173824
2,0,1,0.9332795418889237,0.06672045811107633
2,1,2,0.24774209060408536,0.7522579093959146
2,1,1,0.9554665696453397,0.0445334303546603
2,2,2,0.0011476359304127826,0.9988523640695872
2,2,1,0.7434992843686887,0.2565007156313112
2,3,1,0.8522076589674281,0.14779234103257194
2,3,2,0.5059943968778546,0.4940056031221453
