subject_id,fold,true_label,left_prob,right_prob
3,0,2,0.5183587657131126,0.48164123428688743
3,0,1,0.5159742000197596,0.4840257999802404
3,1,2,0.2580609621716565,0.7419390378283435
3,1,1,0.5997007146526836,0.4002992853473164
3,2,2,0.47313101602717833,0.5268689839728217
3,2,1,0.5257094461634477,0.47429055383655233
3,3,1,0.5170605290152198,0.4829394709847802
3,3,2,0.5123103099000035,0.48768969009999646
