subject_id,fold,true_label,left_prob,right_prob
4,0,2,6.139034185903558e-05,0.999938609658141
4,0,1,0.9968362055128545,0.0031637944871455398
4,1,2,0.001994491531531195,0.9980055084684688
4,1,1,0.977360103308914,0.02263989669108597
4,2,2,0.0052571838501320745,0.9947428161498679
4,2,1,0.9899120587449426,0.010087941255057355
4,3,1,0.9992763269050796,0.000723673094920403
4,3,2,0.0022100893562129187,0.9977899106437871
