subject_id,fold,true_label,left_prob,right_prob
6,0,2,0.33577837077967154,0.6642216292203285
6,0,1,0.563965198443806,0.436034801556194
6,1,2,0.5408946073552321,0.45910539264476796
6,1,1,0.671639731915074,0.328360268084926
6,2,2,0.4083618297994931,0.5916381702005069
6,2,1,0.5797585932971878,0.42024140670281224
6,3,1,0.9577986215168969,0.042201378483103125
6,3,2,0.48805717007914373,0.5119428299208563
