subject_id,fold,true_label,left_prob,right_prob
7,0,2,0.11889120777829532,0.8811087922217047
7,0,1,0.8959996673876951,0.10400033261230492
7,1,2,0.2276720984978201,0.7723279015021799
7,1,1,0.6458984299874782,0.3541015700125219
7,2,2,0.46040584885925584,0.5395941511407442
7,2,1,0.5813836552320681,0.41861634476793186
7,3,1,0.6129170778245835,0.3870829221754165
7,3,2,0.34699945434574786,0.6530005456542521
