subject_id,fold,true_label,left_prob,right_prob
8,0,2,0.07941854816537308,0.9205814518346269
8,0,1,0.9494175686698966,0.05058243133010347
8,1,2,0.43030642941008557,0.5696935705899144
8,1,1,0.5758599217887703,0.4241400782112296
8,2,2,0.37752275494516807,0.6224772450548319
8,2,1,0.4687617219406198,0.5312382780593802
8,3,1,0.4938798238079738,0.5061201761920262
8,3,2,0.4425535024342646,0.5574464975657354
