subject_id,fold,true_label,left_prob,right_prob
9,0,2,0.7357722279675344,0.2642277720324656
9,0,1,0.2641960920403055,0.7358039079596945
9,1,2,0.2614593576047881,0.7385406423952119
9,1,1,0.5587730271225924,0.44122697287740764
9,2,2,0.4793478833276599,0.5206521166723401
9,2,1,0.4844465540576407,0.5155534459423593
9,3,1,0.4863301822592294,0.5136698177407706
9,3,2,0.4997441521793734,0.5002558478206266
