subject_id,fold,true_label,left_prob,right_prob
2,0,2,0.0015171388073413894,0.9984828611926586
2,0,1,0.9998726417316606,0.00012735826833939484
2,1,2,0.004908349882062457,0.9950916501179375
2,1,1,0.9999988968151087,1.103184891371719e-06
2,2,2,9.189895622263577e-09,0.9999999908101044
2,2,1,0.9999879055533659,1.209444663405362e-05
2,3,1,0.9996895000078626,0.000310499992137418
2,3,2,0.004579812195048771,0.9954201878049512
