subject_id,fold,true_label,left_prob,right_prob
3,0,2,1.1324479898155992e-05,0.9999886755201018
3,0,1,0.16244661084404677,0.8375533891559532
3,1,2,0.11000279519506029,0.8899972048049397
3,1,1,0.9562700737958497,0.04372992620415033
3,2,2,0.679955928761556,0.32004407123844403
3,2,1,0.12123175874972159,0.8787682412502784
3,3,1,0.7508113160062466,0.24918868399375332
3,3,2,0.09556819125315552,0.9044318087468445
