subject_id,fold,true_label,left_prob,right_prob
4,0,2,0.00011087899223560793,0.9998891210077644
4,0,1,0.9998991498423069,0.00010085015769308698
4,1,2,0.0003622856180371947,0.9996377143819628
4,1,1,0.9999685860506393,3.141394936062608e-05
4,2,2,1.2239880988751395e-06,0.9999987760119011
4,2,1,0.9569348549866382,0.04306514501336176
4,3,1,0.9996578240192833,0.00034217598071678513
4,3,2,0.014082829560520649,0.9859171704394794
