subject_id,fold,true_label,left_prob,right_prob
6,0,2,0.001358681478477064,0.9986413185215229
6,0,1,0.9932774733329073,0.006722526667092731
6,1,2,8.333932683957102e-07,0.9999991666067316
6,1,1,0.9610848448587844,0.03891515514121554
6,2,2,0.026788341865630283,0.9732116581343697
6,2,1,0.0009252824565589846,0.999074717543441
6,3,1,0.9999721127688304,2.7887231169589675e-05
6,3,2,0.9624642035133834,0.037535796486616674
