subject_id,fold,true_label,left_prob,right_prob
7,0,2,1.0263084926354082e-07,0.9999998973691507
7,0,1,0.14108816855222672,0.8589118314477733
7,1,2,0.03650559081814797,0.963494409181852
7,1,1,0.9975109118967209,0.0024890881032791005
7,2,2,0.0057465796464846175,0.9942534203535154
7,2,1,0.9999818843363212,1.8115663678822604e-05
7,3,1,0.7799877835217919,0.22001221647820815
7,3,2,0.1329955795864891,0.8670044204135109
