subject_id,fold,true_label,left_prob,right_prob
8,0,2,1.0512669512685591e-07,0.9999998948733049
8,0,1,0.9999881270906289,1.1872909371146064e-05
8,1,2,0.0,1.0
8,1,1,0.9999999999999956,4.44865876125316e-15
8,2,2,1.7674750552032492e-13,0.9999999999998233
8,2,1,0.9999998920437352,1.0795626477008991e-07
8,3,1,0.999999999999998,1.970848173956026e-15
8,3,2,1.5127832320160906e-10,0.9999999998487217
