subject_id,fold,true_label,left_prob,right_prob
9,0,2,0.4252959036406211,0.5747040963593789
9,0,1,0.6914852553007331,0.3085147446992668
9,1,2,0.9398412831796671,0.060158716820332865
9,1,1,0.955665550815658,0.04433444918434202
9,2,2,0.018325467015950836,0.9816745329840492
9,2,1,0.9999999771862774,2.2813722551170436e-08
9,3,1,0.09506735899834551,0.9049326410016545
9,3,2,0.018138445630385025,0.981861554369615
