Fold,Train_Accuracy,Train_Kappa
1,0.44782608695652176,0.2636753214015629
2,0.4434782608695652,0.2578026521454142
3,0.49130434782608695,0.321722034581842
4,0.4025974025974026,0.20344827586206904
5,0.47186147186147187,0.29594284001199167
