Fold,Train_Accuracy,Train_Kappa
1,0.4782608695652174,0.30431275678673153
2,0.4826086956521739,0.3101449275362319
3,0.4434782608695652,0.25789619621385895
4,0.43722943722943725,0.24955017992802875
5,0.47186147186147187,0.2958548834420208
