subject_id,fold,true_label,left_prob,right_prob
2,0,2,0.21696008143882317,0.7830399185611768
2,0,1,0.4547761619463433,0.5452238380536567
2,1,2,0.2042490712636743,0.7957509287363257
2,1,1,0.7933270824609047,0.20667291753909528
2,2,2,0.22859581738907775,0.7714041826109223
2,2,1,0.7969708654190532,0.20302913458094685
2,3,1,0.9039955610115342,0.09600443898846575
2,3,2,0.6167646093301941,0.38323539066980594
