subject_id,fold,true_label,left_prob,right_prob
3,0,2,0.8487066928412429,0.15129330715875708
3,0,1,0.4822577912006676,0.5177422087993324
3,1,2,0.390763522812798,0.609236477187202
3,1,1,0.35984672499828674,0.6401532750017133
3,2,2,0.3350970821571525,0.6649029178428475
3,2,1,0.3379039725181445,0.6620960274818555
3,3,1,0.6815775624505973,0.31842243754940264
3,3,2,0.4809849187426831,0.5190150812573169
