subject_id,fold,true_label,left_prob,right_prob
4,0,2,0.4453770860887418,0.5546229139112582
4,0,1,0.7232578894060258,0.2767421105939742
4,1,2,0.40882309535834915,0.5911769046416508
4,1,1,0.7475449425486174,0.2524550574513826
4,2,2,0.16636698566583108,0.8336330143341689
4,2,1,0.5087539788930422,0.49124602110695786
4,3,1,0.5747231333686178,0.42527686663138226
4,3,2,0.4054536902522008,0.5945463097477992
