subject_id,fold,true_label,left_prob,right_prob
6,0,2,0.09683307152392195,0.903166928476078
6,0,1,0.5640952380527232,0.4359047619472768
6,1,2,0.269811513417054,0.730188486582946
6,1,1,0.7244753488140125,0.2755246511859874
6,2,2,0.10202860445273088,0.8979713955472691
6,2,1,0.5039882951135253,0.4960117048864748
6,3,1,0.8629398727799631,0.13706012722003688
6,3,2,0.2806221561766795,0.7193778438233205
