subject_id,fold,true_label,left_prob,right_prob
7,0,2,0.37639464306680925,0.6236053569331907
7,0,1,0.6160144980669672,0.3839855019330328
7,1,2,0.46827985126432914,0.5317201487356709
7,1,1,0.5065373068269832,0.4934626931730168
7,2,2,0.46993458624727447,0.5300654137527255
7,2,1,0.5782745831440593,0.42172541685594067
7,3,1,0.3572967232347306,0.6427032767652694
7,3,2,0.49943838231181104,0.500561617688189
