subject_id,fold,true_label,left_prob,right_prob
8,0,2,0.15470669264036574,0.8452933073596343
8,0,1,0.6073164325279328,0.39268356747206723
8,1,2,0.3099856068166835,0.6900143931833165
8,1,1,0.4799341889075257,0.5200658110924743
8,2,2,0.6108371654542736,0.3891628345457264
8,2,1,0.6687884326261344,0.33121156737386553
8,3,1,0.6614402590571491,0.33855974094285096
8,3,2,0.42852858512575476,0.5714714148742452
