subject_id,fold,true_label,left_prob,right_prob
9,0,2,0.5400946127180637,0.45990538728193636
9,0,1,0.6390924188598981,0.3609075811401019
9,1,2,0.35445780719618813,0.6455421928038119
9,1,1,0.44784627263688104,0.552153727363119
9,2,2,0.42182069129464317,0.5781793087053568
9,2,1,0.5845124261140819,0.41548757388591806
9,3,1,0.4945436767286048,0.5054563232713952
9,3,2,0.4872830551927262,0.5127169448072738
