subject_id,fold,true_label,left_prob,right_prob
2,4,2,0.18805517604329847,0.8119448239567015
2,4,1,0.7755831857146256,0.22441681428537447
