subject_id,fold,true_label,left_prob,right_prob
3,4,2,0.4979775082498319,0.5020224917501681
3,4,1,0.43376241242601077,0.5662375875739892
