subject_id,fold,true_label,left_prob,right_prob
4,4,2,0.0025852604797071965,0.9974147395202928
4,4,1,0.9999992251246249,7.748753750898778e-07
