subject_id,fold,true_label,left_prob,right_prob
6,4,2,0.3252017608036547,0.6747982391963453
6,4,1,0.615712567798546,0.384287432201454
