subject_id,fold,true_label,left_prob,right_prob
7,4,2,0.5946895896530544,0.40531041034694565
7,4,1,0.6293244907284303,0.37067550927156967
