subject_id,fold,true_label,left_prob,right_prob
8,4,2,0.47592199323416795,0.524078006765832
8,4,1,0.5439993471936915,0.45600065280630847
