subject_id,fold,true_label,left_prob,right_prob
9,4,2,0.44029724835814066,0.5597027516418593
9,4,1,0.5101170795663603,0.4898829204336396
