Subject,Accuracy,Kappa,N_Samples
P01,0.48695652173913045,-0.02608695652173911,1000
