Subject,Accuracy,Kappa,N_Samples
P01,0.5846153846153845,0.16923076923076924,1000
