Fold,Test_Accuracy,Test_Kappa
1,0.5,0.0
2,0.42391304347826086,-0.15217391304347827
3,0.5271739130434783,0.05434782608695654
4,0.5,0.0
5,0.483695652173913,-0.032608695652173836
