Subject,Accuracy,Kappa,N_Samples
P02,0.5510416666666667,0.10208333333333333,1000
