Fold,Test_Accuracy,Test_Kappa
1,0.5144230769230769,0.028846153846153855
2,0.47115384615384615,-0.05769230769230771
3,0.4807692307692308,-0.03846153846153855
4,0.5192307692307693,0.038461538461538436
5,0.49038461538461536,-0.019230769230769162
