Fold,Accuracy,Kappa,N_Samples
1,0.5144230769230769,0.028846153846153855,208
2,0.47115384615384615,-0.05769230769230771,208
3,0.4807692307692308,-0.03846153846153855,208
4,0.5192307692307693,0.038461538461538436,208
5,0.49038461538461536,-0.019230769230769162,208
