Subject,Accuracy,Kappa,N_Samples
P03,0.49519230769230765,-0.009615384615384626,1000
