Subject,Accuracy,Kappa,N_Samples
P03,0.5461538461538462,0.09230769230769231,1000
