Subject,Accuracy,Kappa,N_Samples
P04,0.470754716981132,-0.05849056603773588,1000
