Subject,Accuracy,Kappa,N_Samples
P04,0.630188679245283,0.26037735849056604,1000
