Subject,Accuracy,Kappa,N_Samples
P05,0.4797297297297297,-0.04054054054054057,1000
