Subject,Accuracy,Kappa,N_Samples
P05,0.6188679245283019,0.23773584905660378,1000
