Subject,Accuracy,Kappa,N_Samples
P06,0.47019230769230774,-0.059615384615384626,1000
