Subject,Accuracy,Kappa,N_Samples
P07,0.6240384615384615,0.24807692307692303,1000
