Subject,Accuracy,Kappa,N_Samples
P07,0.5067307692307692,0.013461538461538459,1000
