Fold,Test_Accuracy,Test_Kappa
1,0.4375,-0.125
2,0.5336538461538461,0.06730769230769229
3,0.5,0.0
4,0.5,0.0
5,0.5625,0.125
