Fold,Accuracy,Kappa,N_Samples
1,0.4375,-0.125,208
2,0.5336538461538461,0.06730769230769229,208
3,0.5,0.0,208
4,0.5,0.0,208
5,0.5625,0.125,208
