Subject,Accuracy,Kappa,N_Samples
P08,0.5796296296296297,0.15925925925925927,1000
