Subject,Accuracy,Kappa,N_Samples
P08,0.48240740740740745,-0.03518518518518521,1000
