Fold,Test_Accuracy,Test_Kappa
1,0.5192307692307693,0.038461538461538436
2,0.5096153846153846,0.019230769230769273
3,0.5192307692307693,0.038461538461538436
4,0.49038461538461536,-0.019230769230769162
5,0.5192307692307693,0.038461538461538436
