Subject,Accuracy,Kappa,N_Samples
P09,0.5644230769230769,0.12884615384615383,1000
