Subject,Accuracy,Kappa,N_Samples
P09,0.5115384615384615,0.023076923076923085,1000
