Subject,Accuracy,Kappa,N_Samples
P01,0.6036945812807881,0.21037794274255212,1000
P02,0.43768472906403944,-0.12160387889718935,1000
P03,0.5201970443349754,0.04359092080337257,1000
P04,0.5408866995073891,0.07549316123232619,985
P05,0.5201970443349754,0.04445223597850782,1000
P06,0.527832512315271,0.05435156329794551,1000
P07,0.5216748768472906,0.0450334881716848,1000
P08,0.548768472906404,0.09515492545569357,1000
P09,0.4307881773399015,-0.13884822278473963,1000
