Subject,Accuracy,Kappa,N_Samples
P01,0.4826086956521739,-0.034782608695652154,1000
P02,0.5000000000000001,2.2204460492503132e-17,1000
P03,0.4778846153846154,-0.044230769230769254,1000
P04,0.5433962264150944,0.08679245283018866,1000
P05,0.5351351351351352,0.07027027027027025,1000
P06,0.5288461538461539,0.05769230769230767,1000
P07,0.5153846153846154,0.030769230769230792,1000
P08,0.4981481481481482,-0.0037037037037036978,1000
P09,0.5288461538461539,0.05769230769230771,1000
