Fold,Accuracy,Kappa,N_Samples
1,0.5652173913043478,0.12957917045110512,115
2,0.6260869565217392,0.2522304551640707,115
3,0.5826086956521739,0.16490166414523455,115
4,0.5826086956521739,0.16490166414523455,115
5,0.5948275862068966,0.18965517241379315,116
