Fold,Accuracy,Kappa,N_Samples
1,0.5353260869565217,0.07065217391304346,736
2,0.5448369565217391,0.08967391304347827,736
3,0.5190217391304348,0.03804347826086951,736
4,0.5230978260869565,0.04619565217391308,736
5,0.5203804347826086,0.040760869565217406,736
