Fold,Train_Accuracy,Train_Kappa
1,0.5424528301886793,0.08490566037735847
2,0.5235849056603774,0.047169811320754707
3,0.5801886792452831,0.160377358490566
4,0.5330188679245284,0.06603773584905659
5,0.5849056603773585,0.16981132075471694
