Fold,Accuracy,Kappa,N_Samples
1,0.5396634615384616,0.07932692307692313,832
2,0.5528846153846154,0.10576923076923073,832
3,0.5504807692307693,0.10096153846153844,832
4,0.5288461538461539,0.05769230769230771,832
5,0.5432692307692307,0.08653846153846156,832
