Subject,Accuracy,Kappa,N_Samples
P01,0.5576923076923077,0.11538461538461535,1000
