Subject,Accuracy,Kappa,N_Samples
P01,0.4826086956521739,-0.034782608695652154,1000
