Subject,Accuracy,Kappa,N_Samples
P02,0.5010416666666667,0.002083333333333326,1000
