Subject,Accuracy,Kappa,N_Samples
P02,0.5000000000000001,2.2204460492503132e-17,1000
