Subject,Accuracy,Kappa,N_Samples
P03,0.4778846153846154,-0.044230769230769254,1000
