Subject,Accuracy,Kappa,N_Samples
P03,0.5317307692307692,0.06346153846153843,1000
