Subject,Accuracy,Kappa,N_Samples
P04,0.5433962264150944,0.08679245283018866,1000
