Subject,Accuracy,Kappa,N_Samples
P04,0.5943396226415094,0.18867924528301885,1000
