Subject,Accuracy,Kappa,N_Samples
P05,0.6433962264150944,0.2867924528301887,1000
