Fold,Accuracy,Kappa,N_Samples
1,0.5405405405405406,0.08108108108108103,148
2,0.49324324324324326,-0.013513513513513598,148
3,0.5135135135135135,0.027027027027026973,148
4,0.5,0.0,148
5,0.6283783783783784,0.2567567567567568,148
