Subject,Accuracy,Kappa,N_Samples
P05,0.5351351351351352,0.07027027027027025,1000
