Subject,Accuracy,Kappa,N_Samples
P06,0.5288461538461539,0.05769230769230767,1000
