Subject,Accuracy,Kappa,N_Samples
P06,0.49326923076923074,-0.013461538461538436,1000
