Subject,Accuracy,Kappa,N_Samples
P07,0.5153846153846154,0.030769230769230792,1000
