Subject,Accuracy,Kappa,N_Samples
P07,0.5942307692307692,0.18846153846153849,1000
