Subject,Accuracy,Kappa,N_Samples
P08,0.6185185185185185,0.23703703703703702,1000
