Subject,Accuracy,Kappa,N_Samples
P08,0.4981481481481482,-0.0037037037037036978,1000
