Subject,Accuracy,Kappa,N_Samples
P09,0.5288461538461539,0.05769230769230771,1000
