Subject,Accuracy,Kappa,N_Samples
P09,0.5153846153846153,0.030769230769230792,1000
