Subject,Accuracy,Kappa,N_Samples
P01,0.7847290640394089,0.568873215666593,1000
