Subject,Accuracy,Kappa,N_Samples
P02,0.7364532019704433,0.4715142206604083,1000
