Subject,Accuracy,Kappa,N_Samples
P03,0.8342364532019705,0.6671385014934821,1000
