Subject,Accuracy,Kappa,N_Samples
P04,0.8046798029556651,0.6087448632833747,985
