Subject,Accuracy,Kappa,N_Samples
P05,0.7640394088669951,0.5271477671001732,1000
