Subject,Accuracy,Kappa,N_Samples
P06,0.8059113300492611,0.6106290702035528,1000
