Subject,Accuracy,Kappa,N_Samples
P07,0.8330049261083744,0.6666311792697852,1000
