Subject,Accuracy,Kappa,N_Samples
P08,0.8327586206896551,0.6647375963763885,1000
