Subject,Accuracy,Kappa,N_Samples
P09,0.8677339901477833,0.7364143022003262,1000
