Subject,Accuracy,Kappa,N_Samples
P01,0.7300492610837439,0.459739441213471,1000
