Fold,Accuracy,Kappa,N_Samples
1,0.6551724137931034,0.3127962085308057,29
2,0.7931034482758621,0.5817307692307692,29
3,0.6551724137931034,0.3127962085308057,29
4,0.6896551724137931,0.3770883054892602,29
5,0.8571428571428571,0.7142857142857143,28
