Subject,Accuracy,Kappa,N_Samples
P02,0.6817733990147784,0.3606488244038094,1000
