Subject,Accuracy,Kappa,N_Samples
P03,0.7849753694581281,0.5689912784748719,1000
