Subject,Accuracy,Kappa,N_Samples
P04,0.6795566502463053,0.3566839386799191,985
