Subject,Accuracy,Kappa,N_Samples
P05,0.7091133004926109,0.4190141383697389,1000
