Subject,Accuracy,Kappa,N_Samples
P06,0.7706896551724138,0.5416014360912895,1000
