Subject,Accuracy,Kappa,N_Samples
P07,0.7152709359605911,0.4321245064191519,1000
