Subject,Accuracy,Kappa,N_Samples
P08,0.8054187192118226,0.6109330770518738,1000
