Subject,Accuracy,Kappa,N_Samples
P09,0.7155172413793104,0.4305957097261433,1000
