Subject,Accuracy,Kappa,N_Samples
P01,0.5152173913043478,0.0304347826086957,1000
