Fold,Accuracy,Kappa,N_Samples
1,0.4782608695652174,-0.04347826086956519,184
2,0.46195652173913043,-0.07608695652173902,184
3,0.5652173913043478,0.13043478260869568,184
4,0.5543478260869565,0.10869565217391308,184
5,0.5163043478260869,0.03260869565217395,184
