Subject,Accuracy,Kappa,N_Samples
P01,0.5740384615384616,0.1480769230769231,1000
