Subject,Accuracy,Kappa,N_Samples
P02,0.5052083333333333,0.010416666666666675,1000
