Subject,Accuracy,Kappa,N_Samples
P02,0.5541666666666667,0.10833333333333332,1000
