Subject,Accuracy,Kappa,N_Samples
P03,0.49326923076923074,-0.013461538461538414,1000
