Subject,Accuracy,Kappa,N_Samples
P03,0.5278846153846154,0.05576923076923077,1000
