Subject,Accuracy,Kappa,N_Samples
P04,0.5528301886792454,0.10566037735849054,1000
