Subject,Accuracy,Kappa,N_Samples
P04,0.6424528301886793,0.2849056603773585,1000
