Subject,Accuracy,Kappa,N_Samples
P05,0.5108108108108109,0.021621621621621623,1000
