Subject,Accuracy,Kappa,N_Samples
P06,0.5913461538461537,0.18269230769230768,1000
