Subject,Accuracy,Kappa,N_Samples
P07,0.5913461538461539,0.18269230769230768,1000
