Subject,Accuracy,Kappa,N_Samples
P08,0.5833333333333333,0.16666666666666666,1000
