Fold,Test_Accuracy,Test_Kappa
1,0.5416666666666666,0.08333333333333337
2,0.5925925925925926,0.18518518518518523
3,0.5324074074074074,0.06481481481481477
4,0.5277777777777778,0.05555555555555558
5,0.4537037037037037,-0.09259259259259256
