Subject,Accuracy,Kappa,N_Samples
P08,0.5296296296296296,0.059259259259259275,1000
