Subject,Accuracy,Kappa,N_Samples
P09,0.5653846153846154,0.13076923076923075,1000
