subject_id,fold,true_label,left_prob,right_prob
2,4,2,0.4838681221144733,0.5161318778855267
2,4,1,0.5145219491200826,0.48547805087991736
