subject_id,fold,true_label,left_prob,right_prob
3,4,2,0.528215626772603,0.4717843732273969
3,4,1,0.5044430265602518,0.4955569734397482
