subject_id,fold,true_label,left_prob,right_prob
4,4,2,0.42655703051399263,0.5734429694860074
4,4,1,0.5973034263663917,0.4026965736336083
