subject_id,fold,true_label,left_prob,right_prob
6,4,2,0.4258458805696247,0.5741541194303753
6,4,1,0.810003726186346,0.18999627381365408
