subject_id,fold,true_label,left_prob,right_prob
7,4,2,0.32962493259577574,0.6703750674042243
7,4,1,0.6322639883849981,0.36773601161500186
