subject_id,fold,true_label,left_prob,right_prob
8,4,2,0.024748509452697243,0.9752514905473028
8,4,1,0.9895640245064361,0.010435975493563853
