subject_id,fold,true_label,left_prob,right_prob
9,4,2,0.4664367973067238,0.5335632026932762
9,4,1,0.6640949990112115,0.33590500098878845
