subject_id,fold,true_label,left_prob,right_prob
2,0,2,0.41719660005501535,0.5828033999449846
2,0,1,0.7153315740922745,0.28466842590772545
2,1,2,0.20219230096035257,0.7978076990396474
2,1,1,0.9979835940875916,0.0020164059124084034
2,2,2,0.07354655795400544,0.9264534420459946
2,2,1,0.6632089223912615,0.3367910776087385
2,3,1,0.7759126439665548,0.22408735603344523
2,3,2,0.19876909721454883,0.8012309027854512
