subject_id,fold,true_label,left_prob,right_prob
3,0,2,0.23000396838039117,0.7699960316196088
3,0,1,0.08629936053516796,0.913700639464832
3,1,2,0.9844152196794598,0.015584780320540276
3,1,1,0.72875451757324,0.2712454824267601
3,2,2,0.1457036623409378,0.8542963376590622
3,2,1,0.40942243579188065,0.5905775642081194
3,3,1,0.5839609440554216,0.4160390559445784
3,3,2,0.31839136331416906,0.6816086366858309
