subject_id,fold,true_label,left_prob,right_prob
4,0,2,0.276810499647796,0.723189500352204
4,0,1,0.5376211562369685,0.4623788437630315
4,1,2,0.3259880565416875,0.6740119434583125
4,1,1,0.3666136800414578,0.6333863199585422
4,2,2,0.08603578920185484,0.9139642107981452
4,2,1,0.6609731766184377,0.3390268233815623
4,3,1,0.8469143526437352,0.15308564735626484
4,3,2,0.41428353510686944,0.5857164648931306
