subject_id,fold,true_label,left_prob,right_prob
6,0,2,0.0020537990584951205,0.9979462009415049
6,0,1,0.035726519405696266,0.9642734805943037
6,1,2,1.3740186276645083e-05,0.9999862598137234
6,1,1,0.8796588024542754,0.12034119754572455
6,2,2,0.7133828233895239,0.2866171766104761
6,2,1,0.6401712448321262,0.3598287551678738
6,3,1,0.9788663676896587,0.02113363231034125
6,3,2,0.060640518435931656,0.9393594815640683
