subject_id,fold,true_label,left_prob,right_prob
7,0,2,0.02256316348974785,0.9774368365102521
7,0,1,0.4946293781887646,0.5053706218112354
7,1,2,0.08292508164889345,0.9170749183511065
7,1,1,0.7848172298432932,0.21518277015670684
7,2,2,0.18540102399684277,0.8145989760031572
7,2,1,0.986082978572104,0.013917021427895944
7,3,1,0.8336401512314072,0.1663598487685928
7,3,2,0.06158780051484303,0.938412199485157
