subject_id,fold,true_label,left_prob,right_prob
8,0,2,0.0034357559239431845,0.9965642440760568
8,0,1,0.9875035373569325,0.01249646264306747
8,1,2,0.032536267060514046,0.967463732939486
8,1,1,0.8900135297990067,0.10998647020099324
8,2,2,0.12084165921147538,0.8791583407885246
8,2,1,0.9542594772438181,0.04574052275618192
8,3,1,0.8582518009479292,0.14174819905207076
8,3,2,0.4428673957206256,0.5571326042793744
