subject_id,fold,true_label,left_prob,right_prob
9,0,2,0.3187462780777405,0.6812537219222595
9,0,1,0.949758545772318,0.05024145422768204
9,1,2,0.21042502045636802,0.789574979543632
9,1,1,0.7477581536326436,0.2522418463673563
9,2,2,0.13565688914832685,0.8643431108516731
9,2,1,0.8562514765560296,0.14374852344397043
9,3,1,0.22912257264940494,0.7708774273505951
9,3,2,0.17108554123740782,0.8289144587625922
