Fold,Accuracy,Kappa
1,0.515625,0.03125
2,0.5729166666666666,0.14583333333333337
3,0.546875,0.09375
4,0.5520833333333334,0.10416666666666663
5,0.5260416666666666,0.05208333333333337
