Fold,Accuracy,Kappa
1,0.6057692307692307,0.21153846153846156
2,0.5240384615384616,0.04807692307692313
3,0.5913461538461539,0.1826923076923077
4,0.5721153846153846,0.14423076923076927
5,0.5528846153846154,0.10576923076923073
