Subject,Accuracy,Kappa,N_Samples
P01,0.5391304347826087,0.07826086956521738,1000
