Subject,Accuracy,Kappa,N_Samples
P01,0.5692307692307692,0.13846153846153847,
