Fold,Accuracy,Kappa
1,0.5208333333333334,0.04166666666666663
2,0.5104166666666666,0.02083333333333337
3,0.5364583333333334,0.07291666666666663
4,0.4895833333333333,-0.02083333333333326
5,0.5,0.0
