Fold,Accuracy,Kappa
1,0.5288461538461539,0.05769230769230771
2,0.5240384615384616,0.04807692307692313
3,0.5144230769230769,0.028846153846153855
4,0.5384615384615384,0.07692307692307687
5,0.5192307692307693,0.038461538461538436
