Subject,Accuracy,Kappa,N_Samples
P03,0.5057692307692307,0.011538461538461563,1000
