Fold,Accuracy,Kappa
1,0.6650943396226415,0.33018867924528306
2,0.6132075471698113,0.2264150943396226
3,0.660377358490566,0.3207547169811321
4,0.6226415094339622,0.24528301886792447
5,0.6509433962264151,0.30188679245283023
