Subject,Accuracy,Kappa,N_Samples
P04,0.5358490566037737,0.07169811320754715,1000
