Fold,Accuracy,Kappa
1,0.6179245283018868,0.23584905660377353
2,0.6415094339622641,0.28301886792452835
3,0.6509433962264151,0.30188679245283023
4,0.589622641509434,0.17924528301886788
5,0.6792452830188679,0.3584905660377359
