Subject,Accuracy,Kappa,N_Samples
P05,0.6358490566037736,0.2716981132075472,
