Fold,Test_Accuracy,Test_Kappa
1,0.5675675675675675,0.1351351351351351
2,0.5540540540540541,0.10810810810810811
3,0.5202702702702703,0.04054054054054057
4,0.5135135135135135,0.027027027027026973
5,0.4864864864864865,-0.027027027027026973
