Subject,Accuracy,Kappa,N_Samples
P05,0.5283783783783783,0.05675675675675675,1000
