Fold,Accuracy,Kappa
1,0.5432692307692307,0.08653846153846156
2,0.5,0.0
3,0.5961538461538461,0.1923076923076923
4,0.6201923076923077,0.24038461538461542
5,0.5865384615384616,0.17307692307692313
