Fold,Test_Accuracy,Test_Kappa
1,0.47596153846153844,-0.04807692307692313
2,0.4807692307692308,-0.03846153846153855
3,0.5288461538461539,0.05769230769230771
4,0.5673076923076923,0.13461538461538458
5,0.5673076923076923,0.13461538461538458
