Subject,Accuracy,Kappa,N_Samples
P06,0.5240384615384615,0.04807692307692304,1000
