Subject,Accuracy,Kappa,N_Samples
P06,0.5692307692307693,0.13846153846153847,
