Fold,Accuracy,Kappa
1,0.6153846153846154,0.23076923076923073
2,0.6586538461538461,0.3173076923076923
3,0.5625,0.125
4,0.625,0.25
5,0.5192307692307693,0.038461538461538436
