Fold,Accuracy,Kappa,N_Samples
1,0.4951923076923077,-0.009615384615384581,208
2,0.49038461538461536,-0.019230769230769162,208
3,0.5432692307692307,0.08653846153846156,208
4,0.4951923076923077,-0.009615384615384581,208
5,0.5336538461538461,0.06730769230769229,208
