Subject,Accuracy,Kappa,N_Samples
P07,0.5115384615384616,0.023076923076923106,1000
