Fold,Accuracy,Kappa
1,0.5787037037037037,0.15740740740740744
2,0.5462962962962963,0.09259259259259256
3,0.6111111111111112,0.2222222222222222
4,0.6203703703703703,0.2407407407407407
5,0.5324074074074074,0.06481481481481477
