Fold,Test_Accuracy,Test_Kappa
1,0.5416666666666666,0.08333333333333337
2,0.5231481481481481,0.04629629629629628
3,0.5138888888888888,0.02777777777777779
4,0.5231481481481481,0.04629629629629628
5,0.46296296296296297,-0.07407407407407418
