Subject,Accuracy,Kappa,N_Samples
P08,0.5777777777777777,0.15555555555555553,
