Subject,Accuracy,Kappa,N_Samples
P08,0.512962962962963,0.025925925925925908,1000
