Fold,Accuracy,Kappa
1,0.5432692307692307,0.08653846153846156
2,0.5384615384615384,0.07692307692307687
3,0.5625,0.125
4,0.5576923076923077,0.11538461538461542
5,0.5288461538461539,0.05769230769230771
