Fold,Test_Accuracy,Test_Kappa
1,0.4855769230769231,-0.028846153846153744
2,0.4807692307692308,-0.03846153846153855
3,0.5528846153846154,0.10576923076923073
4,0.5384615384615384,0.07692307692307687
5,0.5961538461538461,0.1923076923076923
