Subject,Accuracy,Kappa,N_Samples
P09,0.5307692307692308,0.06153846153846152,1000
