Subject,Accuracy,Kappa,N_Samples
P09,0.5461538461538461,0.09230769230769231,
