Subject,Accuracy,Kappa,N_Samples
P01,0.24319419237749548,-0.008193768687590386,1000
P02,0.187416817906836,-0.08329335495425974,1000
P03,0.26061705989110706,0.013661627964764556,1000
P04,0.26043557168784026,0.014098709983636114,985
P05,0.2398064125831821,-0.012042948273715303,1000
P06,0.20496067755595887,-0.05776754887456641,1000
P07,0.23278886872353297,-0.02281409672169459,1000
P08,0.2292800967937084,-0.02724944430970435,1000
P09,0.2637628554143981,0.01792749804954712,1000
