Fold,Accuracy,Kappa,N_Samples
1,0.796875,0.59375,64
2,0.8125,0.625,64
3,0.78125,0.5625,64
4,0.78125,0.5625,64
5,0.703125,0.40625,64
