Fold,Accuracy,Kappa,N_Samples
1,0.875,0.75,64
2,0.875,0.75,64
3,0.90625,0.8125,64
4,0.859375,0.71875,64
5,0.84375,0.6875,64
