Fold,Accuracy,Kappa,N_Samples
1,0.8125,0.625,64
2,0.796875,0.59375,64
3,0.8125,0.625,64
4,0.8125,0.625,64
5,0.75,0.5,64
