Fold,Accuracy,Kappa,N_Samples
1,0.828125,0.65625,64
2,0.765625,0.53125,64
3,0.75,0.5,64
4,0.703125,0.40625,64
5,0.765625,0.53125,64
