Fold,Accuracy,Kappa,N_Samples
1,0.734375,0.46875,64
2,0.640625,0.28125,64
3,0.734375,0.46875,64
4,0.75,0.5,64
5,0.703125,0.40625,64
