Fold,Accuracy,Kappa,N_Samples
1,0.71875,0.4375,64
2,0.75,0.5,64
3,0.765625,0.53125,64
4,0.703125,0.40625,64
5,0.8125,0.625,64
