Fold,Train_Accuracy,Train_Kappa
1,0.921875,0.84375
2,0.921875,0.84375
3,0.921875,0.84375
4,0.90625,0.8125
5,0.78125,0.5625
