Fold,Train_Accuracy,Train_Kappa
1,0.953125,0.90625
2,0.9375,0.875
3,0.9375,0.875
4,0.953125,0.90625
5,0.96875,0.9375
