Fold,Train_Accuracy,Train_Kappa
1,0.890625,0.78125
2,0.8125,0.625
3,0.8125,0.625
4,0.90625,0.8125
5,0.859375,0.71875
