Fold,Train_Accuracy,Train_Kappa
1,0.984375,0.96875
2,0.96875,0.9375
3,0.984375,0.96875
4,0.984375,0.96875
5,0.953125,0.90625
