Fold,Train_Accuracy,Train_Kappa
1,0.953125,0.90625
2,0.96875,0.9375
3,0.9375,0.875
4,0.9375,0.875
5,0.921875,0.84375
