Fold,Train_Accuracy,Train_Kappa
1,0.796875,0.59375
2,0.8125,0.625
3,0.875,0.75
4,0.796875,0.59375
5,0.75,0.5
