Fold,Train_Accuracy,Train_Kappa
1,0.9375,0.875
2,0.859375,0.71875
3,0.921875,0.84375
4,0.9375,0.875
5,0.921875,0.84375
