Fold,Train_Accuracy,Train_Kappa
1,0.796875,0.59375
2,0.796875,0.59375
3,0.8125,0.625
4,0.78125,0.5625
5,0.84375,0.6875
