Fold,Train_Accuracy,Train_Kappa
1,0.84375,0.6875
2,0.890625,0.78125
3,0.84375,0.6875
4,0.828125,0.65625
5,0.8125,0.625
