Fold,Train_Accuracy,Train_Kappa
1,0.796875,0.59375
2,0.765625,0.53125
3,0.734375,0.46875
4,0.859375,0.71875
5,0.828125,0.65625
