Fold,Accuracy,Kappa,N_Samples
1,0.796875,0.59375,64
2,0.765625,0.53125,64
3,0.734375,0.46875,64
4,0.859375,0.71875,64
5,0.828125,0.65625,64
