Fold,Accuracy,Kappa,N_Samples
1,0.953125,0.90625,64
2,0.84375,0.6875,64
3,0.859375,0.71875,64
4,0.8125,0.625,64
5,0.828125,0.65625,64
