Fold,Accuracy,Kappa,N_Samples
1,0.84375,0.6875,64
2,0.8125,0.625,64
3,0.78125,0.5625,64
4,0.875,0.75,64
5,0.875,0.75,64
