Fold,Train_Accuracy,Train_Kappa
1,0.890625,0.78125
2,0.859375,0.71875
3,0.921875,0.84375
4,0.828125,0.65625
5,0.890625,0.78125
