Fold,Accuracy,Kappa,N_Samples
1,0.796875,0.59375,64
2,0.84375,0.6875,64
3,0.765625,0.53125,64
4,0.75,0.5,64
5,0.734375,0.46875,64
