Fold,Train_Accuracy,Train_Kappa
1,0.765625,0.53125
2,0.796875,0.59375
3,0.8125,0.625
4,0.765625,0.53125
5,0.828125,0.65625
