subject_id,fold,true_label,left_prob,right_prob
2,4,2,0.3917861119062771,0.6082138880937229
2,4,1,0.6078299245378865,0.39217007546211347
