subject_id,fold,true_label,left_prob,right_prob
3,4,2,0.058301279809643725,0.9416987201903563
3,4,1,0.33012157560085564,0.6698784243991444
