subject_id,fold,true_label,left_prob,right_prob
4,4,2,0.05059513676135552,0.9494048632386445
4,4,1,0.9973890415356365,0.0026109584643635416
