subject_id,fold,true_label,left_prob,right_prob
6,4,2,0.023825490036360586,0.9761745099636394
6,4,1,0.9998875211343411,0.00011247886565890181
