subject_id,fold,true_label,left_prob,right_prob
7,4,2,0.18080921766507152,0.8191907823349285
7,4,1,0.9356253225328525,0.06437467746714752
