subject_id,fold,true_label,left_prob,right_prob
8,4,2,0.034906672668099326,0.9650933273319007
8,4,1,0.9999952843714089,4.715628591028622e-06
