subject_id,fold,true_label,left_prob,right_prob
9,4,2,0.08831546454780292,0.9116845354521971
9,4,1,0.9965844203602191,0.003415579639780922
