subject_id,fold,true_label,left_prob,right_prob
2,4,2,0.0009201049085996171,0.9990798950914004
2,4,1,0.9999927110818769,7.2889181230408155e-06
