subject_id,fold,true_label,left_prob,right_prob
3,4,2,0.3595066897405186,0.6404933102594814
3,4,1,0.9966108296138028,0.003389170386197218
