subject_id,fold,true_label,left_prob,right_prob
4,4,2,2.762689632618276e-09,0.9999999972373104
4,4,1,0.9999509986391677,4.900136083230832e-05
