subject_id,fold,true_label,left_prob,right_prob
6,4,2,0.0014384281050587866,0.9985615718949412
6,4,1,0.9936364559663607,0.006363544033639279
