subject_id,fold,true_label,left_prob,right_prob
7,4,2,0.33763769853102954,0.6623623014689705
7,4,1,0.9999569082998468,4.309170015312242e-05
