subject_id,fold,true_label,left_prob,right_prob
8,4,2,1.5591208324394756e-09,0.9999999984408792
8,4,1,0.9999999999755403,2.4459704171536314e-11
