subject_id,fold,true_label,left_prob,right_prob
9,4,2,0.9875219600427673,0.012478039957232725
9,4,1,0.8808904340814917,0.11910956591850831
