Fold,Accuracy,Kappa,N_Samples
1,0.953125,0.90625,64
2,0.9375,0.875,64
3,0.953125,0.90625,64
4,0.953125,0.90625,64
5,0.84375,0.6875,64
