Fold,Accuracy,Kappa,N_Samples
1,0.9375,0.875,64
2,0.921875,0.84375,64
3,0.9375,0.875,64
4,0.953125,0.90625,64
5,0.9375,0.875,64
