Fold,Accuracy,Kappa,N_Samples
1,0.921875,0.84375,64
2,0.828125,0.65625,64
3,0.84375,0.6875,64
4,0.921875,0.84375,64
5,0.78125,0.5625,64
