Fold,Accuracy,Kappa,N_Samples
1,0.921875,0.84375,64
2,0.90625,0.8125,64
3,0.9375,0.875,64
4,0.9375,0.875,64
5,0.96875,0.9375,64
