Fold,Accuracy,Kappa,N_Samples
1,0.90625,0.8125,64
2,0.921875,0.84375,64
3,0.953125,0.90625,64
4,0.921875,0.84375,64
5,0.984375,0.96875,64
