Fold,Accuracy,Kappa,N_Samples
1,0.8125,0.625,64
2,0.90625,0.8125,64
3,0.84375,0.6875,64
4,0.796875,0.59375,64
5,0.8125,0.625,64
