Fold,Accuracy,Kappa,N_Samples
1,0.796875,0.59375,64
2,0.890625,0.78125,64
3,0.953125,0.90625,64
4,0.890625,0.78125,64
5,0.890625,0.78125,64
