Subject,Accuracy,Kappa,N_Samples
P01,0.5740384615384616,0.1480769230769231,1000
P02,0.5541666666666667,0.10833333333333332,1000
P03,0.5278846153846154,0.05576923076923077,1000
P04,0.6424528301886793,0.2849056603773585,1000
P05,0.6188679245283017,0.23773584905660378,1000
P06,0.5913461538461537,0.18269230769230768,1000
P07,0.5913461538461539,0.18269230769230768,1000
P08,0.5833333333333333,0.16666666666666666,1000
P09,0.5653846153846154,0.13076923076923075,1000
