Subject,Accuracy,Kappa,N_Samples
P01,0.5692307692307692,0.13846153846153847,
P02,0.546875,0.09375,
P03,0.525,0.05,
P04,0.6424528301886793,0.2849056603773585,
P05,0.6358490566037736,0.2716981132075472,
P06,0.5692307692307693,0.13846153846153847,
P07,0.5961538461538461,0.1923076923076923,
P08,0.5777777777777777,0.15555555555555553,
P09,0.5461538461538461,0.09230769230769231,
