Subject,Accuracy,Kappa,N_Samples
P01,0.24319419237749548,-0.008193768687590386,1000
