Subject,Accuracy,Kappa,N_Samples
P01,0.2776769509981851,0.036222895184344385,1000
