Subject,Accuracy,Kappa,N_Samples
P02,0.187416817906836,-0.08329335495425974,1000
