Subject,Accuracy,Kappa,N_Samples
P02,0.22226255293405925,-0.03717034809796238,1000
