Subject,Accuracy,Kappa,N_Samples
P03,0.22571082879612825,-0.032629081537536034,1000
