Subject,Accuracy,Kappa,N_Samples
P03,0.26061705989110706,0.013661627964764556,1000
