Subject,Accuracy,Kappa,N_Samples
P04,0.28142770719903204,0.04214336297449608,985
