Subject,Accuracy,Kappa,N_Samples
P04,0.26043557168784026,0.014098709983636114,985
