Subject,Accuracy,Kappa,N_Samples
P05,0.26376285541439803,0.01920106558285335,1000
