Subject,Accuracy,Kappa,N_Samples
P05,0.2398064125831821,-0.012042948273715303,1000
