Subject,Accuracy,Kappa,N_Samples
P06,0.20496067755595887,-0.05776754887456641,1000
