Subject,Accuracy,Kappa,N_Samples
P06,0.22589231699939508,-0.030838585107223794,1000
