Subject,Accuracy,Kappa,N_Samples
P07,0.23278886872353297,-0.02281409672169459,1000
