Subject,Accuracy,Kappa,N_Samples
P07,0.2675741076830006,0.023731897858917606,1000
