Subject,Accuracy,Kappa,N_Samples
P08,0.2292800967937084,-0.02724944430970435,1000
