Subject,Accuracy,Kappa,N_Samples
P08,0.2396854204476709,-0.013489595723668969,1000
