Fold,Test_Accuracy,Test_Kappa
1,0.25862068965517243,0.014229249011857736
2,0.2413793103448276,-0.009493670886076
3,0.1896551724137931,-0.07917656373713378
4,0.2807017543859649,0.03866721513780347
5,0.22807017543859648,-0.03167420814479627
