Subject,Accuracy,Kappa,N_Samples
P09,0.3054446460980036,0.07285022493139737,1000
