Subject,Accuracy,Kappa,N_Samples
P09,0.2637628554143981,0.01792749804954712,1000
