Subject,Accuracy,Kappa,N_Samples
P01,0.28475499092558987,0.04661948865061305,1000
