Subject,Accuracy,Kappa,N_Samples
P01,0.2599516031457955,0.014004019271272882,1000
