Subject,Accuracy,Kappa,N_Samples
P02,0.2602540834845735,0.0144168273631615,1000
