Subject,Accuracy,Kappa,N_Samples
P02,0.2568058076225045,0.010351093801509958,1000
