Subject,Accuracy,Kappa,N_Samples
P03,0.24627949183303083,-0.005174069064657294,1000
