Subject,Accuracy,Kappa,N_Samples
P03,0.23926194797338174,-0.013998954767385418,1000
