Subject,Accuracy,Kappa,N_Samples
P04,0.27803992740471867,0.037785811991970286,985
