Subject,Accuracy,Kappa,N_Samples
P04,0.2986085904416213,0.06561796893705274,985
