Fold,Test_Accuracy,Test_Kappa
1,0.25862068965517243,0.01227722772277251
2,0.22413793103448276,-0.033663366336633915
3,0.25862068965517243,0.01188589540412055
4,0.2631578947368421,0.019656019656019708
5,0.3333333333333333,0.11229508196721305
