Subject,Accuracy,Kappa,N_Samples
P05,0.2363581367211131,-0.016456797055113336,1000
