Subject,Accuracy,Kappa,N_Samples
P05,0.2675741076830006,0.024490171682698382,1000
