Subject,Accuracy,Kappa,N_Samples
P06,0.24676346037507563,-0.003923291208878088,1000
