Subject,Accuracy,Kappa,N_Samples
P06,0.27797943133696307,0.03702665516404298,1000
