Subject,Accuracy,Kappa,N_Samples
P07,0.26388384754990923,0.019285132201666878,1000
