Subject,Accuracy,Kappa,N_Samples
P07,0.25323653962492443,0.0046400180953703575,1000
