Subject,Accuracy,Kappa,N_Samples
P08,0.22921960072595282,-0.027918697702148165,1000
