Subject,Accuracy,Kappa,N_Samples
P08,0.22571082879612825,-0.03282822582494464,1000
