Subject,Accuracy,Kappa,N_Samples
P09,0.2776769509981851,0.038007087247149476,1000
