Subject,Accuracy,Kappa,N_Samples
P09,0.26376285541439803,0.01919781193186123,1000
