Subject,Accuracy,Kappa,N_Samples
P01,0.84375,0.6875,4096
P02,0.865625,0.73125,4096
P03,0.775,0.55,4096
P04,0.88125,0.7625,4096
P05,0.915625,0.83125,4096
P06,0.8875,0.775,4096
P07,0.815625,0.63125,4096
P08,0.815625,0.63125,4096
P09,0.79375,0.5875,4096
