Subject,Accuracy,Kappa,N_Samples
P01,0.6320197044334974,0.2630155571591358,1000
