Subject,Accuracy,Kappa,N_Samples
P01,0.6036945812807881,0.21037794274255212,1000
