Subject,Accuracy,Kappa,N_Samples
P02,0.43768472906403944,-0.12160387889718935,1000
