Subject,Accuracy,Kappa,N_Samples
P02,0.6529556650246306,0.30566342158834187,1000
