Fold,Test_Accuracy,Test_Kappa
1,0.3793103448275862,-0.2548076923076923
2,0.5862068965517241,0.17924528301886788
3,0.3103448275862069,-0.36150234741784026
4,0.4482758620689655,-0.0995260663507107
5,0.4642857142857143,-0.0714285714285714
