Subject,Accuracy,Kappa,N_Samples
P03,0.5201970443349754,0.04359092080337257,1000
