Fold,Accuracy,Kappa,N_Samples
1,0.5517241379310345,0.10023866348448696,29
2,0.4827586206896552,-0.0235294117647058,29
3,0.5517241379310345,0.10874704491725762,29
4,0.5862068965517241,0.17535545023696686,29
5,0.42857142857142855,-0.1428571428571428,28
