Subject,Accuracy,Kappa,N_Samples
P03,0.49334975369458134,-0.013586639960222736,1000
