Subject,Accuracy,Kappa,N_Samples
P04,0.5408866995073891,0.07549316123232619,985
