Subject,Accuracy,Kappa,N_Samples
P04,0.5610837438423645,0.12145024061808637,985
