Fold,Test_Accuracy,Test_Kappa
1,0.5862068965517241,0.17535545023696686
2,0.4482758620689655,-0.09433962264150941
3,0.5862068965517241,0.17535545023696686
4,0.5517241379310345,0.10874704491725762
5,0.42857142857142855,-0.1428571428571428
