Subject,Accuracy,Kappa,N_Samples
P05,0.583743842364532,0.16628187084908028,1000
