Subject,Accuracy,Kappa,N_Samples
P05,0.5201970443349754,0.04445223597850782,1000
