Fold,Test_Accuracy,Test_Kappa
1,0.5517241379310345,0.09592326139088736
2,0.5172413793103449,0.03791469194312802
3,0.5172413793103449,0.024038461538461564
4,0.5172413793103449,0.04245283018867918
5,0.5357142857142857,0.0714285714285714
