Subject,Accuracy,Kappa,N_Samples
P06,0.527832512315271,0.05435156329794551,1000
