Subject,Accuracy,Kappa,N_Samples
P06,0.5559113300492611,0.11762597065199756,1000
