Subject,Accuracy,Kappa,N_Samples
P07,0.5216748768472906,0.0450334881716848,1000
