Subject,Accuracy,Kappa,N_Samples
P08,0.5556650246305418,0.11026199101509067,1000
