Fold,Test_Accuracy,Test_Kappa
1,0.5172413793103449,0.03791469194312802
2,0.41379310344827586,-0.1766109785202863
3,0.6896551724137931,0.3800475059382423
4,0.5517241379310345,0.0915662650602409
5,0.5714285714285714,0.1428571428571429
