Subject,Accuracy,Kappa,N_Samples
P08,0.548768472906404,0.09515492545569357,1000
