Subject,Accuracy,Kappa,N_Samples
P09,0.529064039408867,0.053303894136911986,1000
