Fold,Test_Accuracy,Test_Kappa
1,0.3448275862068966,-0.29647058823529404
2,0.4827586206896552,-0.043165467625899234
3,0.4827586206896552,-0.028368794326241176
4,0.3793103448275862,-0.2548076923076923
5,0.4642857142857143,-0.0714285714285714
