Subject,Accuracy,Kappa,N_Samples
P09,0.4307881773399015,-0.13884822278473963,1000
