Subject,Accuracy,Kappa,N_Samples
P01,0.2599516031457955,0.014004019271272882,1000
P02,0.2602540834845735,0.0144168273631615,1000
P03,0.24627949183303083,-0.005174069064657294,1000
P04,0.2986085904416213,0.06561796893705274,985
P05,0.2675741076830006,0.024490171682698382,1000
P06,0.24676346037507563,-0.003923291208878088,1000
P07,0.25323653962492443,0.0046400180953703575,1000
P08,0.22921960072595282,-0.027918697702148165,1000
P09,0.26376285541439803,0.01919781193186123,1000
