Subject,Accuracy,Kappa,N_Samples
P01,0.5130434782608695,0.026086956521739136,1000
P02,0.5156249999999999,0.03125,1000
P03,0.49711538461538457,-0.0057692307692308155,1000
P04,0.570754716981132,0.14150943396226412,1000
P05,0.5094594594594595,0.018918918918918903,1000
P06,0.5201923076923077,0.04038461538461542,1000
P07,0.5259615384615385,0.05192307692307694,1000
P08,0.5388888888888889,0.07777777777777777,1000
P09,0.5557692307692308,0.11153846153846152,1000
