Fold,Train_Accuracy,Train_Kappa
1,0.5,0.0
2,0.53125,0.0625
3,0.65625,0.3125
4,0.578125,0.15625
5,0.515625,0.03125
