Fold,Accuracy,Kappa,N_Samples
1,0.5,0.0,64
2,0.53125,0.0625,64
3,0.65625,0.3125,64
4,0.578125,0.15625,64
5,0.515625,0.03125,64
