Fold,Accuracy,Kappa,N_Samples
1,0.5625,0.125,64
2,0.59375,0.1875,64
3,0.625,0.25,64
4,0.625,0.25,64
5,0.53125,0.0625,64
