Fold,Train_Accuracy,Train_Kappa
1,0.5625,0.125
2,0.59375,0.1875
3,0.625,0.25
4,0.625,0.25
5,0.53125,0.0625
