Fold,Accuracy,Kappa,N_Samples
1,0.546875,0.09375,64
2,0.5625,0.125,64
3,0.53125,0.0625,64
4,0.640625,0.28125,64
5,0.578125,0.15625,64
