Fold,Train_Accuracy,Train_Kappa
1,0.546875,0.09375
2,0.5625,0.125
3,0.53125,0.0625
4,0.640625,0.28125
5,0.578125,0.15625
