Fold,Accuracy,Kappa,N_Samples
1,0.578125,0.15625,64
2,0.59375,0.1875,64
3,0.578125,0.15625,64
4,0.5625,0.125,64
5,0.578125,0.15625,64
