Fold,Train_Accuracy,Train_Kappa
1,0.578125,0.15625
2,0.59375,0.1875
3,0.578125,0.15625
4,0.5625,0.125
5,0.578125,0.15625
