Fold,Accuracy,Kappa,N_Samples
1,0.640625,0.28125,64
2,0.5625,0.125,64
3,0.59375,0.1875,64
4,0.609375,0.21875,64
5,0.5625,0.125,64
