Fold,Train_Accuracy,Train_Kappa
1,0.640625,0.28125
2,0.5625,0.125
3,0.59375,0.1875
4,0.609375,0.21875
5,0.5625,0.125
