Fold,Train_Accuracy,Train_Kappa
1,0.609375,0.21875
2,0.609375,0.21875
3,0.65625,0.3125
4,0.65625,0.3125
5,0.625,0.25
