Fold,Accuracy,Kappa,N_Samples
1,0.609375,0.21875,64
2,0.609375,0.21875,64
3,0.65625,0.3125,64
4,0.65625,0.3125,64
5,0.625,0.25,64
