Fold,Accuracy,Kappa,N_Samples
1,0.609375,0.21875,64
2,0.546875,0.09375,64
3,0.53125,0.0625,64
4,0.578125,0.15625,64
5,0.625,0.25,64
