Fold,Accuracy,Kappa,N_Samples
1,0.625,0.25,64
2,0.546875,0.09375,64
3,0.609375,0.21875,64
4,0.625,0.25,64
5,0.640625,0.28125,64
