Fold,Train_Accuracy,Train_Kappa
1,0.625,0.25
2,0.546875,0.09375
3,0.609375,0.21875
4,0.625,0.25
5,0.640625,0.28125
