Fold,Train_Accuracy,Train_Kappa
1,0.625,0.25
2,0.640625,0.28125
3,0.625,0.25
4,0.671875,0.34375
5,0.640625,0.28125
