Fold,Accuracy,Kappa,N_Samples
1,0.625,0.25,64
2,0.640625,0.28125,64
3,0.625,0.25,64
4,0.671875,0.34375,64
5,0.640625,0.28125,64
