Subject,Accuracy,Kappa,N_Samples
P01,0.5846153846153845,0.16923076923076924,1000
P02,0.5510416666666667,0.10208333333333333,1000
P03,0.5461538461538462,0.09230769230769231,1000
P04,0.630188679245283,0.26037735849056604,1000
P05,0.6188679245283019,0.23773584905660378,1000
P06,0.575,0.15000000000000002,1000
P07,0.6240384615384615,0.24807692307692303,1000
P08,0.5796296296296297,0.15925925925925927,1000
P09,0.5644230769230769,0.12884615384615383,1000
