subject_id,0
1,0.6916666666666667
2,0.6916666666666667
3,0.65
4,0.6083333333333333
5,0.6333333333333333
6,0.6916666666666667
7,0.6083333333333333
8,0.7083333333333334
9,0.6333333333333333
