Subject,Accuracy,Kappa,N_Samples
P01,0.5682692307692307,0.13653846153846155,1000
