Subject,Accuracy,Kappa,N_Samples
P01,0.5130434782608695,0.026086956521739136,1000
