Subject,Accuracy,Kappa,N_Samples
P02,0.5708333333333333,0.14166666666666666,1000
