Subject,Accuracy,Kappa,N_Samples
P02,0.5156249999999999,0.03125,1000
