Subject,Accuracy,Kappa,N_Samples
P03,0.5201923076923077,0.040384615384615394,1000
