Subject,Accuracy,Kappa,N_Samples
P03,0.49711538461538457,-0.0057692307692308155,1000
