Subject,Accuracy,Kappa,N_Samples
P04,0.6481132075471698,0.2962264150943396,1000
