Subject,Accuracy,Kappa,N_Samples
P04,0.570754716981132,0.14150943396226412,1000
