Subject,Accuracy,Kappa,N_Samples
P05,0.5094594594594595,0.018918918918918903,1000
