Subject,Accuracy,Kappa,N_Samples
P05,0.6471698113207547,0.2943396226415095,1000
