Subject,Accuracy,Kappa,N_Samples
P06,0.5201923076923077,0.04038461538461542,1000
