Subject,Accuracy,Kappa,N_Samples
P06,0.5923076923076923,0.1846153846153846,1000
