Subject,Accuracy,Kappa,N_Samples
P07,0.6134615384615385,0.22692307692307692,1000
