Fold,Accuracy,Kappa,N_Samples
1,0.5048076923076923,0.009615384615384581,208
2,0.5288461538461539,0.05769230769230771,208
3,0.46634615384615385,-0.06730769230769229,208
4,0.5721153846153846,0.14423076923076927,208
5,0.5576923076923077,0.11538461538461542,208
