Subject,Accuracy,Kappa,N_Samples
P07,0.5259615384615385,0.05192307692307694,1000
