Subject,Accuracy,Kappa,N_Samples
P08,0.5898148148148149,0.17962962962962964,1000
