Subject,Accuracy,Kappa,N_Samples
P08,0.5388888888888889,0.07777777777777777,1000
