Subject,Accuracy,Kappa,N_Samples
P09,0.5557692307692308,0.11153846153846152,1000
