Subject,Accuracy,Kappa,N_Samples
P09,0.5740384615384615,0.14807692307692308,1000
